[
  {
    "identificador":"uid7635093",
    "de":"De onde vem",
    "para":"Para onde vai",
    "enviar":0,
    "valor":3000,
    "quando":"12-34-54-7653",
    "onde":"Online e tal",
    "tipo":"Parecelado | 3 de 7",
    "descricao":"Descricao da operacao"
  },
  {
    "identificador":"uid7635932",
    "de":"De onde vem",
    "para":"Para onde vai",
    "enviar":1,
    "valor":3000,
    "quando":"12-34-54-7653",
    "onde":"Online e tal",
    "tipo":"Parecelado | 3 de 7",
    "descricao":"Descricao da operacao"
  },
  {
    "identificador":"ui76350932",
    "de":"De onde vem",
    "para":"Para onde vai",
    "enviar":0,
    "valor":3000,
    "quando":"12-34-54-7653",
    "onde":"Online e tal",
    "tipo":"Parecelado | 3 de 7",
    "descricao":"Descricao da operacao"
  }
]