[
    {
        "identificador": "uid7635093",
        "de": "De onde vem",
        "para": "Para onde vai",
        "enviar": 0,
        "valor": 20000,
        "quando": "12-34-54-7653",
        "onde": "Online e tal",
        "tipo": "Parecelado | 3 de 5, 4000 pago mensal",
        "descricao": "Descricao da operacao",
        "transacoes": [
            {
                "identificador": "uid7635093",
                "de": "De onde veio",
                "para": "Para onde foi",
                "enviar": 0,
                "valor": 4000,
                "quando": "12-34-54-7653",
                "tipo": "Parecelado | 1 de 5"
            },
            {
                "identificador": "uid7635932",
                "de": "De onde veio",
                "para": "Para onde foi",
                "enviar": 0,
                "valor": 4000,
                "quando": "12-34-54-7653",
                "tipo": "Parecelado | 2 de 5"
            },
            {
                "identificador": "ui76350932",
                "de": "De onde veio",
                "para": "Para onde foi",
                "enviar": 0,
                "valor": 4000,
                "quando": "12-34-54-7653",
                "tipo": "Parecelado | 3 de 5"
            }
        ]
    },
    {
        "identificador": "uid7635932",
        "de": "De onde vem",
        "para": "Para onde vai",
        "enviar": 1,
        "valor": 3000,
        "quando": "12-34-54-7653",
        "onde": "Online e tal",
        "tipo": "Recorrente | pago mensal",
        "descricao": "Descricao da operacao",
        "transacoes": [
            {
                "identificador": "uid7635093",
                "de": "De onde veio",
                "para": "Para onde foi",
                "enviar": 1,
                "valor": 4000,
                "quando": "12-34-54-7653",
                "tipo": "Parecelado | 1 de 5"
            },
            {
                "identificador": "uid7635932",
                "de": "De onde veio",
                "para": "Para onde foi",
                "enviar": 1,
                "valor": 4000,
                "quando": "12-34-54-7653",
                "tipo": "Parecelado | 2 de 5"
            },
            {
                "identificador": "ui76350932",
                "de": "De onde veio",
                "para": "Para onde foi",
                "enviar": 1,
                "valor": 4000,
                "quando": "12-34-54-7653",
                "tipo": "Parecelado | 3 de 5"
            }
        ]
    },
    {
        "identificador": "ui76350932",
        "de": "De onde vem",
        "para": "Para onde vai",
        "enviar": 0,
        "valor": 3000,
        "quando": "12-34-54-7653",
        "onde": "Online e tal",
        "tipo": "Parecelado | 3 de 5, 4000 pago mensal",
        "descricao": "Descricao da operacao",
        "transacoes": [
            {
                "identificador": "uid7635093",
                "de": "De onde veio",
                "para": "Para onde foi",
                "enviar": 0,
                "valor": 4000,
                "quando": "12-34-54-7653",
                "tipo": "Parecelado | 1 de 5"
            },
            {
                "identificador": "uid7635932",
                "de": "De onde veio",
                "para": "Para onde foi",
                "enviar": 0,
                "valor": 4000,
                "quando": "12-34-54-7653",
                "tipo": "Parecelado | 2 de 5"
            },
            {
                "identificador": "ui76350932",
                "de": "De onde veio",
                "para": "Para onde foi",
                "enviar": 0,
                "valor": 4000,
                "quando": "12-34-54-7653",
                "tipo": "Parecelado | 3 de 5"
            }
        ]
    },
    {
        "identificador": "ui76350fg932",
        "de": "De onde vem",
        "para": "Para onde vai",
        "enviar": 1,
        "valor": 20000,
        "quando": "12-34-54-7653",
        "onde": "Online e tal",
        "tipo": "Parecelado | 3 de 5, 4000 pago mensal",
        "descricao": "Descricao da operacao",
        "transacoes": [
            {
                "identificador": "uid7635093",
                "de": "De onde veio",
                "para": "Para onde foi",
                "enviar": 1,
                "valor": 4000,
                "quando": "12-34-54-7653",
                "tipo": "Parecelado | 1 de 5"
            },
            {
                "identificador": "uid7635932",
                "de": "De onde veio",
                "para": "Para onde foi",
                "enviar": 1,
                "valor": 4000,
                "quando": "12-34-54-7653",
                "tipo": "Parecelado | 2 de 5"
            },
            {
                "identificador": "ui76350932",
                "de": "De onde veio",
                "para": "Para onde foi",
                "enviar": 1,
                "valor": 4000,
                "quando": "12-34-54-7653",
                "tipo": "Parecelado | 3 de 5"
            }
        ]
    }
]